{
	"Version": 3,
	"Meta": {
		"Duration": 2,
		"Fps": 30.0,
		"Loop": true,
		"AreBeziersRestricted": true,
		"CurveCount": 3,
		"TotalSegmentCount": 23,
		"TotalPointCount": 70,
		"UserDataCount": 0,
		"TotalUserDataSize": 0
	},
	"Curves": [
		{
			"Target": "Parameter",
			"Id": "Param4",
			"Segments": [
				0,
				0,
				1,
				0.033,
				0,
				0.067,
				1,
				0.1,
				1,
				1,
				0.122,
				1,
				0.144,
				0,
				0.167,
				0,
				1,
				0.178,
				0,
				0.189,
				1,
				0.2,
				1,
				1,
				0.211,
				1,
				0.222,
				0,
				0.233,
				0,
				1,
				0.267,
				0,
				0.3,
				0,
				0.333,
				0,
				1,
				0.344,
				0,
				0.356,
				1,
				0.367,
				1,
				1,
				0.378,
				1,
				0.389,
				0,
				0.4,
				0,
				1,
				0.411,
				0,
				0.422,
				1,
				0.433,
				1,
				1,
				0.456,
				1,
				0.478,
				1,
				0.5,
				1,
				1,
				0.533,
				1,
				0.567,
				0,
				0.6,
				0,
				1,
				0.678,
				0,
				0.756,
				0,
				0.833,
				0,
				1,
				0.844,
				0,
				0.856,
				1,
				0.867,
				1,
				1,
				0.878,
				1,
				0.889,
				0,
				0.9,
				0,
				1,
				0.933,
				0,
				0.967,
				0,
				1,
				0,
				1,
				1.011,
				0,
				1.022,
				1,
				1.033,
				1,
				1,
				1.044,
				1,
				1.056,
				0,
				1.067,
				0,
				1,
				1.078,
				0,
				1.089,
				1,
				1.1,
				1,
				1,
				1.122,
				1,
				1.144,
				1,
				1.167,
				1,
				1,
				1.2,
				1,
				1.233,
				0,
				1.267,
				0,
				0,
				2,
				0
			]
		},
		{
			"Target": "Parameter",
			"Id": "ParamBodyAngleX",
			"Segments": [
				0,
				1,
				1,
				0.667,
				1,
				1.333,
				1,
				2,
				1
			]
		},
		{
			"Target": "Parameter",
			"Id": "ParamBodyAngleY",
			"Segments": [
				0,
				0,
				1,
				0.333,
				0,
				0.667,
				7.86,
				1,
				7.86,
				1,
				1.333,
				7.86,
				1.667,
				0,
				2,
				0
			]
		}
	]
}