{
	"Version": 3,
	"FileReferences": {
		"Moc": "朱元璋.moc3",
		"Textures": [
			"朱元璋.2048/texture_00.png"
		],
		"Physics": "朱元璋.physics3.json",
		"DisplayInfo": "朱元璋.cdi3.json",
		"Expressions": [
			{
				"Name": "angry",
				"File": "angry.exp3.json"
			},
			{
				"Name": "tonge",
				"File": "tongue.exp3.json"
			},
			{
				"Name": "wonder",
				"File": "wonder.exp3.json"
			}
		],
		"Motions": {
			"": [
				{
					"File": "kill.motion3.json"
				}
			]
		}
	},
	"Groups": [
		{
			"Target": "Parameter",
			"Name": "LipSync",
			"Ids": [
				"ParamMouthOpenY"
			]
		},
		{
			"Target": "Parameter",
			"Name": "EyeBlink",
			"Ids": [
				"ParamEyeLOpen",
				"ParamEyeROpen"
			]
		}
	],
	"HitAreas": [
		{
			"Id": "HitArea",
			"Name": ""
		}
	]
}