{
	"Version": 3,
	"Parameters": [
		{
			"Id": "ParamEyeBallX",
			"GroupId": "ParamGroup3",
			"Name": "眼珠 X"
		},
		{
			"Id": "ParamEyeBallY",
			"GroupId": "ParamGroup3",
			"Name": "眼珠 Y"
		},
		{
			"Id": "Param4",
			"GroupId": "ParamGroup3",
			"Name": "诛九族"
		},
		{
			"Id": "ParamEyeLOpen",
			"GroupId": "ParamGroup3",
			"Name": "左眼　开闭"
		},
		{
			"Id": "ParamEyeLSmile",
			"GroupId": "ParamGroup3",
			"Name": "左眼　微笑"
		},
		{
			"Id": "ParamEyeROpen",
			"GroupId": "ParamGroup3",
			"Name": "右眼　开闭"
		},
		{
			"Id": "ParamEyeRSmile",
			"GroupId": "ParamGroup3",
			"Name": "右眼　微笑"
		},
		{
			"Id": "ParamBrowLX",
			"GroupId": "ParamGroup",
			"Name": "左眉　左右"
		},
		{
			"Id": "ParamBrowRX",
			"GroupId": "ParamGroup",
			"Name": "右眉　左右"
		},
		{
			"Id": "ParamBrowLAngle",
			"GroupId": "ParamGroup",
			"Name": "左眉　角度"
		},
		{
			"Id": "ParamBrowRAngle",
			"GroupId": "ParamGroup",
			"Name": "右眉　角度"
		},
		{
			"Id": "ParamBrowLForm",
			"GroupId": "ParamGroup",
			"Name": "左眉　変形"
		},
		{
			"Id": "ParamBrowRForm",
			"GroupId": "ParamGroup",
			"Name": "右眉　変形"
		},
		{
			"Id": "ParamBrowRY",
			"GroupId": "ParamGroup",
			"Name": "右眉　上下"
		},
		{
			"Id": "ParamBrowLY",
			"GroupId": "ParamGroup",
			"Name": "左眉上下"
		},
		{
			"Id": "Paramtonge",
			"GroupId": "ParamGroup2",
			"Name": "吐舌"
		},
		{
			"Id": "ParamMouthOpenY",
			"GroupId": "ParamGroup2",
			"Name": "嘴　张开和闭合"
		},
		{
			"Id": "ParamAngleX",
			"GroupId": "ParamGroup4",
			"Name": "角度 X"
		},
		{
			"Id": "ParamAngleY",
			"GroupId": "ParamGroup4",
			"Name": "角度 Y"
		},
		{
			"Id": "ParamAngleZ",
			"GroupId": "ParamGroup4",
			"Name": "角度 Z"
		},
		{
			"Id": "Param5",
			"GroupId": "ParamGroup6",
			"Name": "舌头物理"
		},
		{
			"Id": "Param3",
			"GroupId": "ParamGroup6",
			"Name": "角晃动"
		},
		{
			"Id": "ParamBodyAngleX",
			"GroupId": "ParamGroup5",
			"Name": "身体旋转　X"
		},
		{
			"Id": "ParamBodyAngleY",
			"GroupId": "ParamGroup5",
			"Name": "身体旋转　Y"
		},
		{
			"Id": "ParamBodyAngleZ",
			"GroupId": "ParamGroup5",
			"Name": "身体旋转　Z"
		},
		{
			"Id": "ParamCheek",
			"GroupId": "",
			"Name": "脸颊泛红"
		},
		{
			"Id": "Param",
			"GroupId": "",
			"Name": "右手臂旋转"
		},
		{
			"Id": "Param2",
			"GroupId": "",
			"Name": "右手臂旋转"
		},
		{
			"Id": "ParamBreath",
			"GroupId": "",
			"Name": "呼吸"
		}
	],
	"ParameterGroups": [
		{
			"Id": "ParamGroup3",
			"GroupId": "",
			"Name": "eyes"
		},
		{
			"Id": "ParamGroup",
			"GroupId": "",
			"Name": "brsh"
		},
		{
			"Id": "ParamGroup2",
			"GroupId": "",
			"Name": "mouth"
		},
		{
			"Id": "ParamGroup4",
			"GroupId": "",
			"Name": "head"
		},
		{
			"Id": "ParamGroup6",
			"GroupId": "",
			"Name": "phys"
		},
		{
			"Id": "ParamGroup5",
			"GroupId": "",
			"Name": "body"
		}
	],
	"Parts": [
		{
			"Id": "Part",
			"Name": "帽子"
		},
		{
			"Id": "Part2",
			"Name": "脸"
		},
		{
			"Id": "Part4",
			"Name": "衣服"
		},
		{
			"Id": "Part6",
			"Name": "ear"
		},
		{
			"Id": "Part5",
			"Name": "眉"
		},
		{
			"Id": "Part3",
			"Name": "眼睛"
		},
		{
			"Id": "mouth",
			"Name": "mouth"
		},
		{
			"Id": "right2",
			"Name": "right"
		},
		{
			"Id": "left2",
			"Name": "left"
		}
	],
	"CombinedParameters": [
		[
			"ParamEyeBallX",
			"ParamEyeBallY"
		],
		[
			"ParamAngleX",
			"ParamAngleY"
		],
		[
			"ParamBodyAngleX",
			"ParamBodyAngleY"
		]
	]
}